"text","label","source","notes"
"If you're looking off campus, tour the unit in person before signing and ask if the AC and water heater were recently serviced.","practical_advice","reddit r/ucf housing thread","actionable guidance another student could use"
"I lived at Knights Circle last year and the location was convenient, but maintenance took forever when our AC broke.","personal_experience","reddit r/ucf apartment review thread","describes writer's own experience, no clear recommendation"
"Do not wait until July to find housing, everything decent fills up and the prices spike.","complaint_or_warning","reddit r/ucf housing thread","negative opinion, frustration, or warning"
"Parking at UCF is cooked lol.","low_info_reaction","reddit r/ucf parking thread","short, joking, or low-detail reaction"
"Apply for on-campus housing the day applications open; the good dorms like Towers fill up within hours.","practical_advice","reddit r/ucf freshman advice thread","actionable guidance another student could use"
"My freshman year in Towers was honestly a great time, super social and I made most of my friends there.","personal_experience","reddit r/UCFstudenthousing dorm thread","describes writer's own experience, no clear recommendation"
"Avoid the Pointe if you care about sleep, the pool parties go until 2am on weekends.","complaint_or_warning","reddit r/ucf parking thread","negative opinion, frustration, or warning"
"Real.","low_info_reaction","reddit r/ucf housing thread","short, joking, or low-detail reaction"
"Check whether your lease is individual or joint before signing. Joint leases mean you're on the hook if a roommate bails.","practical_advice","reddit r/ucf parking thread","actionable guidance another student could use"
"I stayed at the Pointe at Central and the unit was fine, the pool area was the best part.","personal_experience","reddit r/ucf housing thread","describes writer's own experience, no clear recommendation"
"Parking is genuinely awful the first three weeks, leave way earlier than you think you need to.","complaint_or_warning","reddit r/UCFstudenthousing apartment thread","negative opinion, frustration, or warning"
"This is so accurate it hurts.","low_info_reaction","reddit r/ucf dining thread","short, joking, or low-detail reaction"
"Buy a parking permit early and just use Garage A or H, they almost never fill up like the ones near Engineering.","practical_advice","reddit r/UCFstudenthousing apartment thread","actionable guidance another student could use"
"We had a joint lease at NorthView and it was okay until one roommate moved out mid-year.","personal_experience","reddit r/ucf commuter thread","describes writer's own experience, no clear recommendation"
"Maintenance at my complex took three weeks to fix a leaking ceiling, never again.","complaint_or_warning","reddit r/ucf dining thread","negative opinion, frustration, or warning"
"lmao the parking struggle is eternal.","low_info_reaction","reddit r/ucf campus complaints thread","short, joking, or low-detail reaction"
"For freshmen, get the unlimited meal plan first semester and downgrade later once you know your eating habits.","practical_advice","reddit r/ucf off-campus housing thread","actionable guidance another student could use"
"I commuted from Oviedo my first two years and the drive wasn't bad outside of rush hour.","personal_experience","reddit r/ucf dining thread","describes writer's own experience, no clear recommendation"
"Watch out for the hidden fees at these luxury complexes, the advertised rent is never what you actually pay.","complaint_or_warning","reddit r/ucf off-campus housing thread","negative opinion, frustration, or warning"
"Towers gang where you at.","low_info_reaction","reddit r/UCFstudenthousing thread","short, joking, or low-detail reaction"
"Always read recent Google reviews for any complex; management can change completely from one year to the next.","practical_advice","reddit r/ucf transfer student thread","actionable guidance another student could use"
"My experience with the meal plan was that I barely used half of it by the end of the semester.","personal_experience","reddit r/ucf roommates thread","describes writer's own experience, no clear recommendation"
"The dining hall food quality has gone downhill and the prices keep going up.","complaint_or_warning","reddit r/ucf campus complaints thread","negative opinion, frustration, or warning"
"Facts.","low_info_reaction","reddit r/ucf parking thread","short, joking, or low-detail reaction"
"If you have an 8am, park in Garage I and take the shuttle, it's way less stressful than circling the main lots.","practical_advice","reddit r/ucf roommates thread","actionable guidance another student could use"
"I transferred from Valencia and most of my credits came over without issues.","personal_experience","reddit r/ucf transfer student thread","describes writer's own experience, no clear recommendation"
"Steer clear of joint leases unless you fully trust your roommates, you'll pay for their mistakes.","complaint_or_warning","reddit r/ucf roommates thread","negative opinion, frustration, or warning"
"UCF housing in a nutshell.","low_info_reaction","reddit r/ucf housing thread","short, joking, or low-detail reaction"
"Ask the apartment whether utilities are capped or fully included; some places bill you for overage at the end of the semester.","practical_advice","reddit r/ucf dining thread","actionable guidance another student could use"
"I lived at the Lofts and the walls were thin, I could hear my neighbor's TV most nights.","personal_experience","reddit r/ucf apartment review thread","describes writer's own experience, no clear recommendation"
"The shuttle is unreliable during peak hours, I've waited 40 minutes more than once.","complaint_or_warning","reddit r/ucf housing thread","negative opinion, frustration, or warning"
"Bruh.","low_info_reaction","reddit r/ucf dining thread","short, joking, or low-detail reaction"
"Set up renters insurance. Most off-campus places require it and it's only like 12 bucks a month.","practical_advice","reddit r/ucf housing thread","actionable guidance another student could use"
"I had a single in Libra and it was quiet, which is exactly what I wanted as an introvert.","personal_experience","reddit r/UCFstudenthousing dorm thread","describes writer's own experience, no clear recommendation"
"Don't trust the leasing office when they say maintenance is fast, it almost never is.","complaint_or_warning","reddit r/ucf parking thread","negative opinion, frustration, or warning"
"Knights Circle slander incoming lol.","low_info_reaction","reddit r/ucf campus complaints thread","short, joking, or low-detail reaction"
"Transfer students should meet with their academic advisor before registering; a lot of credits don't map the way you'd expect.","practical_advice","reddit r/ucf freshman advice thread","actionable guidance another student could use"
"My roommate and I got randomly matched and it actually worked out great, we still hang out.","personal_experience","reddit r/ucf housing thread","describes writer's own experience, no clear recommendation"
"The parking situation near Engineering is a joke, you'll circle for half an hour.","complaint_or_warning","reddit r/UCFstudenthousing apartment thread","negative opinion, frustration, or warning"
"Same energy every August.","low_info_reaction","reddit r/UCFstudenthousing thread","short, joking, or low-detail reaction"
"Don't sign a lease without seeing the actual unit, not just the model. The model is always nicer than what you get.","practical_advice","reddit r/ucf parking thread","actionable guidance another student could use"
"I parked in Garage A every day and never really had trouble finding a spot.","personal_experience","reddit r/ucf commuter thread","describes writer's own experience, no clear recommendation"
"Be careful with the Verge, our security deposit disappeared into vague cleaning fees.","complaint_or_warning","reddit r/ucf dining thread","negative opinion, frustration, or warning"
"Crying in commuter.","low_info_reaction","reddit r/ucf parking thread","short, joking, or low-detail reaction"
"Use the Knight Lynx free shuttle at night instead of walking back from the library alone.","practical_advice","reddit r/UCFstudenthousing apartment thread","actionable guidance another student could use"
"The first week of parking was rough for me but after that it calmed down a lot.","personal_experience","reddit r/ucf dining thread","describes writer's own experience, no clear recommendation"
"The meal plan is overpriced for what you get, I wasted hundreds of dollars on it.","complaint_or_warning","reddit r/ucf off-campus housing thread","negative opinion, frustration, or warning"
"The shuttle never comes, can confirm.","low_info_reaction","reddit r/ucf housing thread","short, joking, or low-detail reaction"
"If you want a quiet dorm, request Hercules or Libra over Towers; the towers area is way more social and loud.","practical_advice","reddit r/ucf off-campus housing thread","actionable guidance another student could use"
"I lived off campus near Alafaya and the shuttle was reliable most of the time.","personal_experience","reddit r/ucf roommates thread","describes writer's own experience, no clear recommendation"
"Don't sign before touring, I got stuck in a unit way worse than the model.","complaint_or_warning","reddit r/ucf campus complaints thread","negative opinion, frustration, or warning"
"This but unironically.","low_info_reaction","reddit r/ucf dining thread","short, joking, or low-detail reaction"
"Take photos of your unit's condition the day you move in so you don't get charged for damage later.","practical_advice","reddit r/ucf transfer student thread","actionable guidance another student could use"
"My AC at the Verge went out twice over the summer, took a few days each time to fix.","personal_experience","reddit r/ucf transfer student thread","describes writer's own experience, no clear recommendation"
"They tow aggressively at some off-campus complexes, read the parking rules carefully.","complaint_or_warning","reddit r/ucf roommates thread","negative opinion, frustration, or warning"
"Charge it to the game.","low_info_reaction","reddit r/ucf campus complaints thread","short, joking, or low-detail reaction"
"Hit campus dining at off-peak times; the Union food court is packed between 12 and 1.","practical_advice","reddit r/ucf roommates thread","actionable guidance another student could use"
"I did the unlimited meal plan freshman year and ate at the Union most days.","personal_experience","reddit r/ucf apartment review thread","describes writer's own experience, no clear recommendation"
"The AC in my dorm broke three times in one semester and they kept patching it instead of fixing it.","complaint_or_warning","reddit r/ucf housing thread","negative opinion, frustration, or warning"
"lol welcome to UCF.","low_info_reaction","reddit r/UCFstudenthousing thread","short, joking, or low-detail reaction"
"Look into the Pointe or NorthView if you want a pool and gym, but budget for the higher rent.","practical_advice","reddit r/ucf dining thread","actionable guidance another student could use"
"We had a good run at Arden Villas, the townhouse setup gave us a lot of space.","personal_experience","reddit r/UCFstudenthousing dorm thread","describes writer's own experience, no clear recommendation"
"Do not rent at that place near Alafaya, our break-in happened within a month of moving in.","complaint_or_warning","reddit r/ucf parking thread","negative opinion, frustration, or warning"
"Pegasus dining strikes again.","low_info_reaction","reddit r/ucf parking thread","short, joking, or low-detail reaction"
"Freshman tip: go to office hours early in the semester, professors remember the students who show up.","practical_advice","reddit r/ucf housing thread","actionable guidance another student could use"
"I stayed in Nike my freshman year and the community events were actually fun.","personal_experience","reddit r/ucf housing thread","describes writer's own experience, no clear recommendation"
"The Wi-Fi in the dorms is terrible during finals when everyone's online at once.","complaint_or_warning","reddit r/UCFstudenthousing apartment thread","negative opinion, frustration, or warning"
"It's giving broke college student.","low_info_reaction","reddit r/ucf housing thread","short, joking, or low-detail reaction"
"Split groceries with roommates and cook; the meal plan gets expensive fast if you eat out every day.","practical_advice","reddit r/ucf freshman advice thread","actionable guidance another student could use"
"My commute from downtown Orlando was about 35 minutes each way most mornings.","personal_experience","reddit r/ucf commuter thread","describes writer's own experience, no clear recommendation"
"Rent went up almost 200 dollars at renewal with zero improvements, total ripoff.","complaint_or_warning","reddit r/ucf dining thread","negative opinion, frustration, or warning"
"W post.","low_info_reaction","reddit r/ucf dining thread","short, joking, or low-detail reaction"
"If your AC breaks, submit a maintenance ticket in writing and keep a copy. Verbal requests get ignored.","practical_advice","reddit r/ucf parking thread","actionable guidance another student could use"
"I lived in Hercules and it was super quiet, I barely saw anyone in the halls.","personal_experience","reddit r/ucf dining thread","describes writer's own experience, no clear recommendation"
"Warning: some complexes lock you into a 12-month lease even if you're only here for fall and spring.","complaint_or_warning","reddit r/ucf off-campus housing thread","negative opinion, frustration, or warning"
"L parking situation fr.","low_info_reaction","reddit r/ucf campus complaints thread","short, joking, or low-detail reaction"
"Sublease in the summer if you're going home; you can usually find someone in the UCF housing Facebook groups.","practical_advice","reddit r/UCFstudenthousing apartment thread","actionable guidance another student could use"
"Our place at Boardwalk was close to campus so I could walk to class in ten minutes.","personal_experience","reddit r/ucf roommates thread","describes writer's own experience, no clear recommendation"
"The Union food court is a zoo at lunch and half the spots run out of food.","complaint_or_warning","reddit r/ucf campus complaints thread","negative opinion, frustration, or warning"
"Garage A supremacy.","low_info_reaction","reddit r/UCFstudenthousing thread","short, joking, or low-detail reaction"
"Park at the Research Park lots and take the shuttle if you can't find anything near class, it saves a ton of time.","practical_advice","reddit r/ucf off-campus housing thread","actionable guidance another student could use"
"I ate Pegasus dining a lot and it was hit or miss depending on the day.","personal_experience","reddit r/ucf transfer student thread","describes writer's own experience, no clear recommendation"
"They nickel and dime you on everything at these places, valet trash, pest control, amenity fees.","complaint_or_warning","reddit r/ucf roommates thread","negative opinion, frustration, or warning"
"We been knew.","low_info_reaction","reddit r/ucf parking thread","short, joking, or low-detail reaction"
"Double check the shuttle actually stops at your complex; some apartments advertise it but the stop is a 15 minute walk away.","practical_advice","reddit r/ucf transfer student thread","actionable guidance another student could use"
"My roommate situation sophomore year was rough, we just had really different schedules.","personal_experience","reddit r/ucf apartment review thread","describes writer's own experience, no clear recommendation"
"Parking permits are way too expensive for how impossible it is to actually find a spot.","complaint_or_warning","reddit r/ucf housing thread","negative opinion, frustration, or warning"
"Pain.","low_info_reaction","reddit r/ucf housing thread","short, joking, or low-detail reaction"
"Buy a bike or scooter, campus is huge and you'll save yourself the parking headache entirely.","practical_advice","reddit r/ucf roommates thread","actionable guidance another student could use"
"I rented at Tivoli and the rent was reasonable for how close it was to campus.","personal_experience","reddit r/UCFstudenthousing dorm thread","describes writer's own experience, no clear recommendation"
"Avoid roommate matching if you're picky, I got paired with someone who never cleaned.","complaint_or_warning","reddit r/ucf parking thread","negative opinion, frustration, or warning"
"Not the AC breaking again.","low_info_reaction","reddit r/ucf dining thread","short, joking, or low-detail reaction"
"For roommates, write up a basic agreement about cleaning and quiet hours before you move in; it prevents a lot of fights.","practical_advice","reddit r/ucf dining thread","actionable guidance another student could use"
"I lived in Apollo and the location near the gym was perfect for me.","personal_experience","reddit r/ucf housing thread","describes writer's own experience, no clear recommendation"
"The pool at my complex was closed half the summer for repairs but they never adjusted rent.","complaint_or_warning","reddit r/UCFstudenthousing apartment thread","negative opinion, frustration, or warning"
"Felt this in my soul.","low_info_reaction","reddit r/ucf campus complaints thread","short, joking, or low-detail reaction"
"If you're on a budget, the dorms are actually cheaper than most off-campus places once you factor in utilities and the shuttle.","practical_advice","reddit r/ucf housing thread","actionable guidance another student could use"
"My first apartment off campus, the management was slow but the unit itself was nice.","personal_experience","reddit r/ucf commuter thread","describes writer's own experience, no clear recommendation"
"Don't expect your deposit back, they'll find a reason to keep most of it.","complaint_or_warning","reddit r/ucf dining thread","negative opinion, frustration, or warning"
"Average UCF experience tbh.","low_info_reaction","reddit r/UCFstudenthousing thread","short, joking, or low-detail reaction"
"Rent or buy textbooks online, the bookstore prices are a scam.","practical_advice","reddit r/ucf freshman advice thread","actionable guidance another student could use"
"I took the Knight Lynx shuttle home from the library most nights and it was convenient.","personal_experience","reddit r/ucf dining thread","describes writer's own experience, no clear recommendation"
"The construction noise near campus housing starts at 7am and it's miserable.","complaint_or_warning","reddit r/ucf off-campus housing thread","negative opinion, frustration, or warning"
"Nah this is too real.","low_info_reaction","reddit r/ucf parking thread","short, joking, or low-detail reaction"
"Check the crime map for the area around any off-campus complex before signing; some spots near Alafaya have more break-ins.","practical_advice","reddit r/ucf parking thread","actionable guidance another student could use"
"We had a two bedroom at Plaza on University and split it, came out pretty affordable.","personal_experience","reddit r/ucf roommates thread","describes writer's own experience, no clear recommendation"
"Be warned, the cheaper complexes off campus often have the worst maintenance response times.","complaint_or_warning","reddit r/ucf campus complaints thread","negative opinion, frustration, or warning"
"lol good luck with that.","low_info_reaction","reddit r/ucf housing thread","short, joking, or low-detail reaction"
"Get to campus 30 minutes early the first week if you're driving, parking is a nightmare until things settle down.","practical_advice","reddit r/UCFstudenthousing apartment thread","actionable guidance another student could use"
"I did DirectConnect from Seminole State and the transition was smoother than I expected.","personal_experience","reddit r/ucf transfer student thread","describes writer's own experience, no clear recommendation"
"They oversold parking permits again this year, it's predatory at this point.","complaint_or_warning","reddit r/ucf roommates thread","negative opinion, frustration, or warning"
"The Union at noon is a war zone.","low_info_reaction","reddit r/ucf dining thread","short, joking, or low-detail reaction"
"Email housing directly if you want a specific roommate; you can request each other before assignments go out.","practical_advice","reddit r/ucf off-campus housing thread","actionable guidance another student could use"
"My dorm experience was that the laundry machines were always full on weekends.","personal_experience","reddit r/ucf apartment review thread","describes writer's own experience, no clear recommendation"
"The dorm bathrooms were disgusting because nobody enforced the cleaning schedule.","complaint_or_warning","reddit r/ucf housing thread","negative opinion, frustration, or warning"
"Sending thoughts and prayers to the freshmen.","low_info_reaction","reddit r/ucf campus complaints thread","short, joking, or low-detail reaction"
"If you commute, look into the carpool permit, it's cheaper and you get better lot access.","practical_advice","reddit r/ucf transfer student thread","actionable guidance another student could use"
"I lived at the Retreat and the cottages were nice but it was a bit of a drive to class.","personal_experience","reddit r/UCFstudenthousing dorm thread","describes writer's own experience, no clear recommendation"
"Avoid the Retreat if you don't have a car, the shuttle is slow and the walk is too far.","complaint_or_warning","reddit r/ucf parking thread","negative opinion, frustration, or warning"
"Skull emoji forever.","low_info_reaction","reddit r/UCFstudenthousing thread","short, joking, or low-detail reaction"
"Don't take the first apartment you tour; compare at least three before deciding, prices vary a lot for the same thing.","practical_advice","reddit r/ucf roommates thread","actionable guidance another student could use"
"I had an 8am all of freshman year and somehow survived parking in Garage I.","personal_experience","reddit r/ucf housing thread","describes writer's own experience, no clear recommendation"
"My landlord ignored a mold complaint for a month, document everything because they will gaslight you.","complaint_or_warning","reddit r/UCFstudenthousing apartment thread","negative opinion, frustration, or warning"
"UCF stands for U Can't Finish parking.","low_info_reaction","reddit r/ucf parking thread","short, joking, or low-detail reaction"
"Keep your renters insurance and lease in a folder, you'll need them if you ever dispute a charge.","practical_advice","reddit r/ucf dining thread","actionable guidance another student could use"
"My time in UCF housing was fine overall, nothing dramatic, just normal dorm stuff.","personal_experience","reddit r/ucf commuter thread","describes writer's own experience, no clear recommendation"
"The dining options close way too early, good luck eating after 9pm on campus.","complaint_or_warning","reddit r/ucf dining thread","negative opinion, frustration, or warning"
"Big facts.","low_info_reaction","reddit r/ucf housing thread","short, joking, or low-detail reaction"
"For dining, the 63 South spot is your best on-campus option if you're tired of the Union.","practical_advice","reddit r/ucf housing thread","actionable guidance another student could use"
"I stayed at Union West and the location right by campus made everything easy.","personal_experience","reddit r/ucf dining thread","describes writer's own experience, no clear recommendation"
"Don't believe the move-in date they give you, ours got pushed back two weeks last minute.","complaint_or_warning","reddit r/ucf off-campus housing thread","negative opinion, frustration, or warning"
"This thread is so UCF.","low_info_reaction","reddit r/ucf dining thread","short, joking, or low-detail reaction"
"Freshmen, don't bring a car your first semester if you live on campus, it's not worth the permit cost and the parking stress.","practical_advice","reddit r/ucf freshman advice thread","actionable guidance another student could use"
"We had roommate drama at our off-campus place but worked it out by midterms.","personal_experience","reddit r/ucf roommates thread","describes writer's own experience, no clear recommendation"
"The garages flood when it rains hard and nobody warns you before you park there.","complaint_or_warning","reddit r/ucf campus complaints thread","negative opinion, frustration, or warning"
"Cooked, simply cooked.","low_info_reaction","reddit r/ucf campus complaints thread","short, joking, or low-detail reaction"
"Ask about the guest and parking policy at off-campus places; some charge guests to park or tow aggressively.","practical_advice","reddit r/ucf parking thread","actionable guidance another student could use"
"I ate at 63 South a lot and honestly didn't mind the food.","personal_experience","reddit r/ucf transfer student thread","describes writer's own experience, no clear recommendation"
"Watch out for utility caps that are set artificially low so you always owe extra.","complaint_or_warning","reddit r/ucf roommates thread","negative opinion, frustration, or warning"
"Me every single morning.","low_info_reaction","reddit r/UCFstudenthousing thread","short, joking, or low-detail reaction"
"If you're pre-med or engineering, live close to campus, you'll be there late and the commute will wear you down.","practical_advice","reddit r/UCFstudenthousing apartment thread","actionable guidance another student could use"
"My freshman roommate and I didn't click but we stayed cordial the whole year.","personal_experience","reddit r/ucf apartment review thread","describes writer's own experience, no clear recommendation"
"The freshman dorms are way too expensive for how small and dated the rooms are.","complaint_or_warning","reddit r/ucf housing thread","negative opinion, frustration, or warning"
"Knights rise up I guess.","low_info_reaction","reddit r/ucf parking thread","short, joking, or low-detail reaction"
"Walk your class schedule the week before to figure out the timing between buildings.","practical_advice","reddit r/ucf off-campus housing thread","actionable guidance another student could use"
"I lived at the Sterling and the gym there was actually decent.","personal_experience","reddit r/UCFstudenthousing dorm thread","describes writer's own experience, no clear recommendation"
"They raised the meal plan price again and removed the better dining options, classic.","complaint_or_warning","reddit r/ucf parking thread","negative opinion, frustration, or warning"
"lol rip your wallet.","low_info_reaction","reddit r/ucf housing thread","short, joking, or low-detail reaction"
"Look at Tivoli or Boardwalk if you want something walkable to campus without paying luxury prices.","practical_advice","reddit r/ucf transfer student thread","actionable guidance another student could use"
"My parking permit paid off because I had classes spread across the whole day.","personal_experience","reddit r/ucf housing thread","describes writer's own experience, no clear recommendation"
"Don't tour only on weekends, they hide how loud the place gets on weeknights.","complaint_or_warning","reddit r/UCFstudenthousing apartment thread","negative opinion, frustration, or warning"
"The audacity of these rent prices.","low_info_reaction","reddit r/ucf dining thread","short, joking, or low-detail reaction"
"Set rent reminders; a lot of off-campus places charge steep late fees after the 3rd.","practical_advice","reddit r/ucf roommates thread","actionable guidance another student could use"
"I commuted and spent way more time looking for parking than I'd like to admit.","personal_experience","reddit r/ucf commuter thread","describes writer's own experience, no clear recommendation"
"The bus loop is constantly delayed and the app arrival times are basically fiction.","complaint_or_warning","reddit r/ucf dining thread","negative opinion, frustration, or warning"
"Tell me about it.","low_info_reaction","reddit r/ucf campus complaints thread","short, joking, or low-detail reaction"
"Join the UCF subreddit and your class Discord before the semester, you'll get answers way faster than email.","practical_advice","reddit r/ucf dining thread","actionable guidance another student could use"
"I stayed in Neptune and the suite-style setup was nice for sharing a bathroom.","personal_experience","reddit r/ucf dining thread","describes writer's own experience, no clear recommendation"
"Be careful subleasing, I got scammed by someone in a Facebook group, always meet in person.","complaint_or_warning","reddit r/ucf off-campus housing thread","negative opinion, frustration, or warning"
"So true bestie.","low_info_reaction","reddit r/UCFstudenthousing thread","short, joking, or low-detail reaction"
"If maintenance is slow, escalate to the property manager in person, calling rarely works.","practical_advice","reddit r/ucf housing thread","actionable guidance another student could use"
"Touring apartments was a blur for me, they all started to look the same after a while.","personal_experience","reddit r/ucf roommates thread","describes writer's own experience, no clear recommendation"
"Parking enforcement will ticket you in two minutes but the lots are never patrolled for safety.","complaint_or_warning","reddit r/ucf campus complaints thread","negative opinion, frustration, or warning"
"Honestly same.","low_info_reaction","reddit r/ucf parking thread","short, joking, or low-detail reaction"
"Get your financial aid sorted before housing deposits are due so you don't lose your spot.","practical_advice","reddit r/ucf freshman advice thread","actionable guidance another student could use"
"I lived at the Lofts for two years and the location grew on me.","personal_experience","reddit r/ucf transfer student thread","describes writer's own experience, no clear recommendation"
"Don't move in sight-unseen from out of state, photos lie and you'll be stuck for a year.","complaint_or_warning","reddit r/ucf roommates thread","negative opinion, frustration, or warning"
"Couldn't have said it better.","low_info_reaction","reddit r/ucf housing thread","short, joking, or low-detail reaction"
"Bring a surge protector and a fan for the dorms; the outlets are limited and the AC is inconsistent.","practical_advice","reddit r/ucf parking thread","actionable guidance another student could use"
"My maintenance requests at Knights Circle usually took about a week to get handled.","personal_experience","reddit r/ucf apartment review thread","describes writer's own experience, no clear recommendation"
"The amenities they advertise are always broken, half the gym equipment at my place was out of order.","complaint_or_warning","reddit r/ucf housing thread","negative opinion, frustration, or warning"
"The shuttle app is fiction confirmed.","low_info_reaction","reddit r/ucf dining thread","short, joking, or low-detail reaction"
"Tour during a weekday so you can see how loud the complex actually is, weekends can be misleading.","practical_advice","reddit r/UCFstudenthousing apartment thread","actionable guidance another student could use"
"I did meal swaps with friends and it stretched my plan further than I expected.","personal_experience","reddit r/UCFstudenthousing dorm thread","describes writer's own experience, no clear recommendation"
"Rent at these student complexes is climbing way faster than anything is actually improving.","complaint_or_warning","reddit r/ucf parking thread","negative opinion, frustration, or warning"
"Welcome to the jungle lol.","low_info_reaction","reddit r/ucf campus complaints thread","short, joking, or low-detail reaction"
"If you're transferring from Valencia, use DirectConnect advising, they'll tell you exactly what credits count.","practical_advice","reddit r/ucf off-campus housing thread","actionable guidance another student could use"
"My freshman dorm in Libra was small but I didn't really mind it.","personal_experience","reddit r/ucf housing thread","describes writer's own experience, no clear recommendation"
"Warning about the Lofts: paper-thin walls, you'll hear everything your neighbors do.","complaint_or_warning","reddit r/UCFstudenthousing apartment thread","negative opinion, frustration, or warning"
"Bro I'm done.","low_info_reaction","reddit r/UCFstudenthousing thread","short, joking, or low-detail reaction"
"Check whether parking is included in your off-campus rent; some complexes charge a separate monthly fee for a spot.","practical_advice","reddit r/ucf transfer student thread","actionable guidance another student could use"
"I lived off Dean Road and the commute was short but the traffic lights were endless.","personal_experience","reddit r/ucf commuter thread","describes writer's own experience, no clear recommendation"
"The leasing staff turns over constantly so nobody ever knows what's going on with your account.","complaint_or_warning","reddit r/ucf dining thread","negative opinion, frustration, or warning"
"Classic UCF moment.","low_info_reaction","reddit r/ucf parking thread","short, joking, or low-detail reaction"
"Use the library reservable study rooms during finals and book them a few days ahead because they go fast.","practical_advice","reddit r/ucf roommates thread","actionable guidance another student could use"
"My roommate kept different hours than me but we made it work with headphones.","personal_experience","reddit r/ucf dining thread","describes writer's own experience, no clear recommendation"
"Avoid early morning classes if you commute, there's literally nowhere to park before 10.","complaint_or_warning","reddit r/ucf off-campus housing thread","negative opinion, frustration, or warning"
"This is why I commute.","low_info_reaction","reddit r/ucf housing thread","short, joking, or low-detail reaction"
"For roommates you don't know, do a video call first and ask about sleep schedules and how clean they keep things.","practical_advice","reddit r/ucf dining thread","actionable guidance another student could use"
"I had a great RA my first year who actually organized fun floor events.","personal_experience","reddit r/ucf roommates thread","describes writer's own experience, no clear recommendation"
"They charged us a re-lease fee that was never mentioned anywhere in the original contract.","complaint_or_warning","reddit r/ucf campus complaints thread","negative opinion, frustration, or warning"
"Yeah no thanks lol.","low_info_reaction","reddit r/ucf dining thread","short, joking, or low-detail reaction"
"If safety worries you, only take a ground floor unit if it has good lighting, otherwise go higher up.","practical_advice","reddit r/ucf housing thread","actionable guidance another student could use"
"I stayed at the Pointe and the noise from the pool parties got old by spring.","personal_experience","reddit r/ucf transfer student thread","describes writer's own experience, no clear recommendation"
"The dining hall ran out of basically everything good by the time my late class let out.","complaint_or_warning","reddit r/ucf roommates thread","negative opinion, frustration, or warning"
"Peak Knights experience.","low_info_reaction","reddit r/ucf campus complaints thread","short, joking, or low-detail reaction"
"Always get your move-out inspection in writing, that's how you protect your deposit.","practical_advice","reddit r/ucf freshman advice thread","actionable guidance another student could use"
"My transfer orientation was helpful and answered most of my questions.","personal_experience","reddit r/ucf apartment review thread","describes writer's own experience, no clear recommendation"
"Don't ignore the fine print on guarantor requirements, it tripped up half my friends.","complaint_or_warning","reddit r/ucf housing thread","negative opinion, frustration, or warning"
"Womp womp.","low_info_reaction","reddit r/UCFstudenthousing thread","short, joking, or low-detail reaction"
"Sign up for UCF Alert notifications so you know about closures, weather, and safety stuff on campus.","practical_advice","reddit r/ucf parking thread","actionable guidance another student could use"
"I lived in Towers 4 and the view of campus was honestly great.","personal_experience","reddit r/UCFstudenthousing dorm thread","describes writer's own experience, no clear recommendation"
"Pest control at my complex was useless, we had roaches the entire lease.","complaint_or_warning","reddit r/ucf parking thread","negative opinion, frustration, or warning"
"Set up the laundry app early; the dorm machines are app-only and lines build up on weekends.","practical_advice","reddit r/UCFstudenthousing apartment thread","actionable guidance another student could use"
"My off-campus place flooded once during a summer storm but they fixed it quickly.","personal_experience","reddit r/ucf housing thread","describes writer's own experience, no clear recommendation"
"Be careful with complexes that require renters insurance through their preferred provider, it's overpriced.","complaint_or_warning","reddit r/UCFstudenthousing apartment thread","negative opinion, frustration, or warning"
"If you can, choose a complex with individual leases so a roommate moving out doesn't blow up your rent.","practical_advice","reddit r/ucf off-campus housing thread","actionable guidance another student could use"
"I parked at Research Park and took the shuttle; it added time but it worked.","personal_experience","reddit r/ucf commuter thread","describes writer's own experience, no clear recommendation"
"Parking decals sell out and then they keep selling overflow passes anyway, it's a scam.","complaint_or_warning","reddit r/ucf dining thread","negative opinion, frustration, or warning"
"Use mobile ordering at the Union or eat before the lunch rush, it cuts the wait dramatically.","practical_advice","reddit r/ucf transfer student thread","actionable guidance another student could use"
"My dining was mostly the Union and I got tired of it by November.","personal_experience","reddit r/ucf dining thread","describes writer's own experience, no clear recommendation"
"The shuttle stopped running early during breaks with no notice and I got stranded.","complaint_or_warning","reddit r/ucf off-campus housing thread","negative opinion, frustration, or warning"
"Don't rule out small claims if a landlord keeps your deposit unfairly; document everything from day one.","practical_advice","reddit r/ucf roommates thread","actionable guidance another student could use"
"I lived at NorthView and the trash valet was a nice little perk.","personal_experience","reddit r/ucf roommates thread","describes writer's own experience, no clear recommendation"
"Don't renew without negotiating, they bank on you being too lazy to push back on the rent hike.","complaint_or_warning","reddit r/ucf campus complaints thread","negative opinion, frustration, or warning"
"Get involved in a club your first semester, it's the easiest way to actually meet people if you commute.","practical_advice","reddit r/ucf dining thread","actionable guidance another student could use"
"My freshman year I shared a room and it taught me a lot about compromise.","personal_experience","reddit r/ucf transfer student thread","describes writer's own experience, no clear recommendation"
"The maintenance portal is a black hole, my tickets sat open for weeks with no response.","complaint_or_warning","reddit r/ucf roommates thread","negative opinion, frustration, or warning"
"Ask current residents, not the leasing office, what maintenance is really like before you sign.","practical_advice","reddit r/ucf housing thread","actionable guidance another student could use"
"If you have early classes, live on the shuttle line or within walking distance, parking before 10am is brutal.","practical_advice","reddit r/ucf freshman advice thread","actionable guidance another student could use"
